2018-10-09 11:07:07.084171,nec,192.168.99.1
2018-10-29 16:51:53.239547,nec,192.168.99.1
2018-10-29 16:56:28.842561,nec,192.168.99.1
2018-10-29 17:52:38.548121,nec,192.168.99.1
2018-10-29 17:53:24.865852,nec,192.168.99.1
2018-10-29 17:55:14.895549,nec,192.168.99.1
2018-10-29 17:55:43.382749,nec,192.168.99.1
2018-10-29 17:57:02.863133,nec,192.168.99.1
2018-10-29 17:57:20.723228,nec,192.168.99.1
2018-10-29 18:07:59.601838,nec,192.168.99.1
2018-10-29 18:09:17.954201,nec,192.168.99.1
2018-10-29 18:09:41.732974,nec,192.168.99.1
2018-10-29 18:10:26.852292,nec,192.168.99.1
2018-10-29 18:10:39.327068,nec,192.168.99.1
2018-10-29 18:10:50.860124,nec,192.168.99.1
2018-10-29 18:12:09.881095,nec,192.168.99.1
2018-10-29 20:37:57.698797,nec,192.168.99.1
2018-10-29 21:10:15.339122,nec,192.168.99.1
2018-10-29 21:12:40.720209,nec,192.168.99.1
2018-10-29 21:12:51.978935,nec,192.168.99.1
2018-10-29 21:21:59.740124,nec,192.168.99.1,http://127.0.0.1:5000/
2018-10-29 21:23:45.414687,nec,192.168.99.1,http://127.0.0.1:5000/
2018-10-29 21:23:58.356009,nec,192.168.99.1,http://127.0.0.1:5000/
2018-10-29 21:26:37.643371,nec,192.168.99.1,http://127.0.0.1:5000/
2018-10-29 21:27:26.856731,nec,192.168.99.1,http://127.0.0.1:5000/
2018-10-29 21:36:40.838264,nec,192.168.99.1,http://127.0.0.1:5000/
2018-10-29 21:36:48.662938,nec,192.168.99.1,http://127.0.0.1:5000/
